<annotation>
    <folder>fire_images</folder>
    <filename>fire.1.png</filename>
    <size>
        <width>860</width>
        <height>460</height>
        <depth>3</depth>
    </size>
    <object>
        <name>forest</name>
        <pose>Unspecified</pose>
        <truncated>0</truncated>
        <occluded>0</occluded>
        <difficult>0</difficult>
        <bndbox>
            <xmin>8.990698</xmin>
            <ymin>11.976079</ymin>
            <xmax>856.004639</xmax>
            <ymax>166.639130</ymax>
        </bndbox>
    </object>
</annotation>