<annotation>
    <folder>fire_images</folder>
    <filename>fire.2.png</filename>
    <size>
        <width>1440</width>
        <height>960</height>
        <depth>3</depth>
    </size>
    <object>
        <name>forest-fire</name>
        <pose>Unspecified</pose>
        <truncated>0</truncated>
        <occluded>0</occluded>
        <difficult>0</difficult>
        <bndbox>
            <xmin>314.781952</xmin>
            <ymin>432.549988</ymin>
            <xmax>1424.011108</xmax>
            <ymax>740.229126</ymax>
        </bndbox>
    </object>
    <object>
        <name>forest</name>
        <pose>Unspecified</pose>
        <truncated>0</truncated>
        <occluded>0</occluded>
        <difficult>0</difficult>
        <bndbox>
            <xmin>61.957638</xmin>
            <ymin>458.522919</ymin>
            <xmax>251.825699</xmax>
            <ymax>689.282288</ymax>
        </bndbox>
    </object>
</annotation>