<annotation>
    <folder>fire_images</folder>
    <filename>fire.6.png</filename>
    <size>
        <width>2400</width>
        <height>1596</height>
        <depth>3</depth>
    </size>
    <object>
        <name>forest-smoke</name>
        <pose>Unspecified</pose>
        <truncated>0</truncated>
        <occluded>0</occluded>
        <difficult>0</difficult>
        <bndbox>
            <xmin>1771.262085</xmin>
            <ymin>23.985596</ymin>
            <xmax>2352.020020</xmax>
            <ymax>442.723083</ymax>
        </bndbox>
    </object>
    <object>
        <name>forest</name>
        <pose>Unspecified</pose>
        <truncated>0</truncated>
        <occluded>0</occluded>
        <difficult>0</difficult>
        <bndbox>
            <xmin>1449.396240</xmin>
            <ymin>45.971825</ymin>
            <xmax>1689.296265</xmax>
            <ymax>443.722473</ymax>
        </bndbox>
    </object>
    <object>
        <name>forest</name>
        <pose>Unspecified</pose>
        <truncated>0</truncated>
        <occluded>0</occluded>
        <difficult>0</difficult>
        <bndbox>
            <xmin>545.772949</xmin>
            <ymin>44.972454</ymin>
            <xmax>931.612061</xmax>
            <ymax>416.739380</ymax>
        </bndbox>
    </object>
    <object>
        <name>forest-fire</name>
        <pose>Unspecified</pose>
        <truncated>0</truncated>
        <occluded>0</occluded>
        <difficult>0</difficult>
        <bndbox>
            <xmin>1032.570068</xmin>
            <ymin>132.917267</ymin>
            <xmax>1370.429199</xmax>
            <ymax>438.725616</ymax>
        </bndbox>
    </object>
    <object>
        <name>forest-fire</name>
        <pose>Unspecified</pose>
        <truncated>0</truncated>
        <occluded>0</occluded>
        <difficult>0</difficult>
        <bndbox>
            <xmin>119.950417</xmin>
            <ymin>469.706116</ymin>
            <xmax>2380.008301</xmax>
            <ymax>1458.086426</ymax>
        </bndbox>
    </object>
</annotation>