<annotation>
    <folder>fire_images</folder>
    <filename>fire.4.png</filename>
    <size>
        <width>1000</width>
        <height>688</height>
        <depth>3</depth>
    </size>
    <object>
        <name>forest-fire</name>
        <pose>Unspecified</pose>
        <truncated>0</truncated>
        <occluded>0</occluded>
        <difficult>0</difficult>
        <bndbox>
            <xmin>10.990000</xmin>
            <ymin>121.824127</ymin>
            <xmax>995.005005</xmax>
            <ymax>598.130859</ymax>
        </bndbox>
    </object>
</annotation>