<annotation>
    <folder>fire_images</folder>
    <filename>fire.7.png</filename>
    <size>
        <width>1873</width>
        <height>1339</height>
        <depth>3</depth>
    </size>
    <object>
        <name>forest-fire</name>
        <pose>Unspecified</pose>
        <truncated>0</truncated>
        <occluded>0</occluded>
        <difficult>0</difficult>
        <bndbox>
            <xmin>18.990389</xmin>
            <ymin>963.280823</ymin>
            <xmax>1862.005859</xmax>
            <ymax>1339.000000</ymax>
        </bndbox>
    </object>
    <object>
        <name>forest-smoke</name>
        <pose>Unspecified</pose>
        <truncated>0</truncated>
        <occluded>0</occluded>
        <difficult>0</difficult>
        <bndbox>
            <xmin>12.993593</xmin>
            <ymin>8.993962</ymin>
            <xmax>1866.003784</xmax>
            <ymax>1007.247925</ymax>
        </bndbox>
    </object>
</annotation>