<annotation>
    <folder>fire_images</folder>
    <filename>fire.3.png</filename>
    <size>
        <width>1280</width>
        <height>720</height>
        <depth>3</depth>
    </size>
    <object>
        <name>forest-fire</name>
        <pose>Unspecified</pose>
        <truncated>0</truncated>
        <occluded>0</occluded>
        <difficult>0</difficult>
        <bndbox>
            <xmin>12.990625</xmin>
            <ymin>278.613922</ymin>
            <xmax>1154.098511</xmax>
            <ymax>561.220825</ymax>
        </bndbox>
    </object>
</annotation>