<annotation>
    <folder>fire_images</folder>
    <filename>fire.5.png</filename>
    <size>
        <width>620</width>
        <height>310</height>
        <depth>3</depth>
    </size>
    <object>
        <name>fire</name>
        <pose>Unspecified</pose>
        <truncated>0</truncated>
        <occluded>0</occluded>
        <difficult>0</difficult>
        <bndbox>
            <xmin>459.259674</xmin>
            <ymin>217.299988</ymin>
            <xmax>541.127441</xmax>
            <ymax>305.016113</ymax>
        </bndbox>
    </object>
    <object>
        <name>forest-fire</name>
        <pose>Unspecified</pose>
        <truncated>0</truncated>
        <occluded>0</occluded>
        <difficult>0</difficult>
        <bndbox>
            <xmin>135.782257</xmin>
            <ymin>61.803234</ymin>
            <xmax>393.366119</xmax>
            <ymax>222.283875</ymax>
        </bndbox>
    </object>
</annotation>